Image,Brand
.\Canon\s2_23.tif,canon
.\Epson\s9_33.tif,epson
.\Epson\s8_28.tif,epson
.\Hp\s11_31.tif,hp
.\Epson\s7_33.tif,epson
.\Canon\s4_17.tif,canon
.\Hp\s11_89.tif,hp
.\Canon\s4_11.tif,canon
.\Epson\s7_15.tif,epson
.\Epson\s6_28.tif,epson
.\Epson\s6_19.tif,epson
.\Canon\s5_5.tif,canon
.\Epson\s9_38.tif,epson
.\Canon\s3_8.tif,canon
.\Canon\s3_7.tif,canon
.\Epson\s6_30.tif,epson
.\Epson\s8_7.tif,epson
.\Hp\s11_66.tif,hp
.\Hp\s11_18.tif,hp
.\Canon\s4_36.tif,canon
.\Epson\s7_5.tif,epson
.\Canon\s1_4.tif,canon
.\Canon\s3_21.tif,canon
.\Canon\s5_14.tif,canon
.\Epson\s8_36.tif,epson
.\Epson\s6_7.tif,epson
.\Epson\s7_30.tif,epson
.\Canon\s2_30.tif,canon
.\Canon\s5_17.tif,canon
.\Epson\s8_19.tif,epson
.\Canon\s4_5.tif,canon
.\Epson\s8_27.tif,epson
.\Epson\s7_16.tif,epson
.\Canon\s1_23.tif,canon
.\Hp\s11_6.tif,hp
.\Epson\s9_19.tif,epson
.\Hp\s11_95.tif,hp
.\Canon\s2_17.tif,canon
.\Hp\s11_100.tif,hp
.\Canon\s4_39.tif,canon
.\Epson\s7_4.tif,epson
.\Canon\s1_29.tif,canon
.\Epson\s8_4.tif,epson
.\Canon\s1_14.tif,canon
.\Hp\s11_21.tif,hp
.\Canon\s3_35.tif,canon
.\Canon\s3_24.tif,canon
.\Epson\s8_15.tif,epson
.\Canon\s4_16.tif,canon
.\Epson\s6_15.tif,epson
.\Epson\s8_11.tif,epson
.\Epson\s10_15.tif,epson
.\Epson\s7_28.tif,epson
.\Hp\s11_2.tif,hp
.\Epson\s10_11.tif,epson
.\Canon\s4_38.tif,canon
.\Canon\s5_22.tif,canon
.\Canon\s5_40.tif,canon
.\Canon\s1_34.tif,canon
.\Epson\s10_14.tif,epson
.\Epson\s6_11.tif,epson
.\Canon\s5_16.tif,canon
.\Hp\s11_25.tif,hp
.\Hp\s11_1.tif,hp
.\Hp\s11_34.tif,hp
.\Epson\s7_23.tif,epson
.\Epson\s6_32.tif,epson
.\Epson\s10_27.tif,epson
.\Epson\s10_8.tif,epson
.\Canon\s5_4.tif,canon
.\Canon\s1_35.tif,canon
.\Hp\s11_12.tif,hp
.\Canon\s2_22.tif,canon
.\Canon\s4_7.tif,canon
.\Hp\s11_73.tif,hp
.\Canon\s1_9.tif,canon
.\Epson\s9_10.tif,epson
.\Epson\s7_12.tif,epson
.\Canon\s5_6.tif,canon
.\Canon\s1_28.tif,canon
.\Canon\s5_27.tif,canon
.\Hp\s11_22.tif,hp
.\Canon\s5_9.tif,canon
.\Canon\s5_26.tif,canon
.\Canon\s5_30.tif,canon
.\Epson\s7_36.tif,epson
.\Canon\s1_5.tif,canon
.\Hp\s11_87.tif,hp
.\Canon\s2_12.tif,canon
.\Epson\s10_13.tif,epson
.\Epson\s7_34.tif,epson
.\Canon\s3_9.tif,canon
.\Canon\s2_6.tif,canon
.\Canon\s3_25.tif,canon
.\Hp\s11_27.tif,hp
.\Canon\s3_28.tif,canon
.\Hp\s11_97.tif,hp
.\Epson\s8_22.tif,epson
.\Canon\s4_4.tif,canon
.\Epson\s9_15.tif,epson
.\Canon\s3_10.tif,canon
.\Canon\s5_15.tif,canon
.\Canon\s4_1.tif,canon
.\Epson\s7_3.tif,epson
.\Canon\s2_11.tif,canon
.\Hp\s11_3.tif,hp
.\Epson\s8_17.tif,epson
.\Canon\s1_32.tif,canon
.\Hp\s11_76.tif,hp
.\Canon\s3_11.tif,canon
.\Canon\s3_14.tif,canon
.\Canon\s3_37.tif,canon
.\Canon\s1_12.tif,canon
.\Canon\s4_34.tif,canon
.\Epson\s8_13.tif,epson
.\Epson\s6_40.tif,epson
.\Epson\s9_20.tif,epson
.\Hp\s11_96.tif,hp
.\Canon\s3_17.tif,canon
.\Epson\s10_2.tif,epson
.\Canon\s2_36.tif,canon
.\Hp\s11_17.tif,hp
.\Hp\s11_99.tif,hp
.\Epson\s6_35.tif,epson
.\Epson\s8_3.tif,epson
.\Hp\s11_80.tif,hp
.\Hp\s11_14.tif,hp
.\Hp\s11_77.tif,hp
.\Epson\s6_37.tif,epson
.\Epson\s10_18.tif,epson
.\Epson\s7_26.tif,epson
.\Canon\s2_28.tif,canon
.\Epson\s10_5.tif,epson
.\Hp\s11_8.tif,hp
.\Canon\s5_39.tif,canon
.\Canon\s5_37.tif,canon
.\Epson\s8_33.tif,epson
.\Hp\s11_26.tif,hp
.\Epson\s9_28.tif,epson
.\Epson\s9_26.tif,epson
.\Epson\s6_1.tif,epson
.\Canon\s1_39.tif,canon
.\Hp\s11_11.tif,hp
.\Epson\s7_21.tif,epson
.\Canon\s1_2.tif,canon
.\Epson\s10_1.tif,epson
.\Epson\s10_29.tif,epson
.\Canon\s2_4.tif,canon
.\Epson\s6_22.tif,epson
.\Canon\s4_31.tif,canon
.\Epson\s6_31.tif,epson
.\Epson\s9_1.tif,epson
.\Canon\s1_37.tif,canon
.\Epson\s8_32.tif,epson
.\Epson\s7_32.tif,epson
.\Epson\s6_18.tif,epson
.\Epson\s6_36.tif,epson
.\Canon\s3_16.tif,canon
.\Canon\s1_3.tif,canon
.\Canon\s2_3.tif,canon
.\Canon\s5_35.tif,canon
.\Hp\s11_40.tif,hp
.\Canon\s4_30.tif,canon
.\Epson\s6_39.tif,epson
.\Canon\s4_24.tif,canon
.\Epson\s8_1.tif,epson
.\Canon\s2_14.tif,canon
.\Epson\s10_6.tif,epson
.\Canon\s4_32.tif,canon
.\Epson\s6_38.tif,epson
.\Hp\s11_98.tif,hp
.\Epson\s6_27.tif,epson
.\Canon\s1_22.tif,canon
.\Canon\s5_24.tif,canon
.\Epson\s9_40.tif,epson
.\Canon\s2_21.tif,canon
.\Canon\s3_13.tif,canon
.\Canon\s5_7.tif,canon
.\Canon\s4_22.tif,canon
.\Epson\s7_18.tif,epson
.\Epson\s7_6.tif,epson
.\Epson\s8_34.tif,epson
.\Epson\s9_13.tif,epson
.\Epson\s10_17.tif,epson
.\Epson\s9_3.tif,epson
.\Hp\s11_88.tif,hp
.\Hp\s11_20.tif,hp
.\Epson\s8_35.tif,epson
.\Epson\s8_6.tif,epson
.\Hp\s11_67.tif,hp
.\Canon\s3_19.tif,canon
.\Epson\s10_38.tif,epson
.\Canon\s3_33.tif,canon
.\Canon\s2_7.tif,canon
.\Canon\s4_29.tif,canon
.\Hp\s11_51.tif,hp
.\Epson\s6_8.tif,epson
.\Hp\s11_24.tif,hp
.\Canon\s3_4.tif,canon
.\Canon\s5_21.tif,canon
.\Canon\s5_28.tif,canon
.\Epson\s8_40.tif,epson
.\Epson\s9_18.tif,epson
.\Canon\s5_33.tif,canon
.\Hp\s11_79.tif,hp
.\Hp\s11_83.tif,hp
.\Hp\s11_19.tif,hp
.\Canon\s2_38.tif,canon
.\Hp\s11_90.tif,hp
.\Epson\s6_13.tif,epson
.\Hp\s11_55.tif,hp
.\Epson\s8_23.tif,epson
.\Canon\s2_35.tif,canon
.\Epson\s7_27.tif,epson
.\Epson\s6_20.tif,epson
.\Hp\s11_36.tif,hp
.\Epson\s7_37.tif,epson
.\Epson\s9_12.tif,epson
.\Epson\s6_21.tif,epson
.\Canon\s3_29.tif,canon
.\Canon\s1_33.tif,canon
.\Canon\s3_36.tif,canon
.\Canon\s3_12.tif,canon
.\Canon\s2_16.tif,canon
.\Epson\s9_34.tif,epson
.\Canon\s1_11.tif,canon
.\Canon\s2_10.tif,canon
.\Canon\s3_27.tif,canon
.\Epson\s10_10.tif,epson
.\Hp\s11_69.tif,hp
.\Epson\s9_17.tif,epson
.\Canon\s1_21.tif,canon
.\Hp\s11_50.tif,hp
.\Epson\s9_27.tif,epson
.\Canon\s5_3.tif,canon
.\Epson\s7_24.tif,epson
.\Epson\s6_12.tif,epson
.\Hp\s11_94.tif,hp
.\Canon\s4_12.tif,canon
.\Hp\s11_42.tif,hp
.\Hp\s11_93.tif,hp
.\Epson\s10_36.tif,epson
.\Canon\s5_2.tif,canon
.\Epson\s9_21.tif,epson
.\Epson\s6_6.tif,epson
.\Hp\s11_38.tif,hp
.\Hp\s11_86.tif,hp
.\Epson\s8_39.tif,epson
.\Hp\s11_61.tif,hp
.\Epson\s9_8.tif,epson
.\Hp\s11_49.tif,hp
.\Canon\s2_39.tif,canon
.\Epson\s8_10.tif,epson
.\Canon\s4_25.tif,canon
.\Epson\s10_3.tif,epson
.\Epson\s9_14.tif,epson
.\Epson\s9_31.tif,epson
.\Hp\s11_85.tif,hp
.\Canon\s4_23.tif,canon
.\Epson\s6_16.tif,epson
.\Canon\s5_19.tif,canon
.\Canon\s5_12.tif,canon
.\Canon\s1_15.tif,canon
.\Canon\s2_34.tif,canon
.\Canon\s3_18.tif,canon
.\Canon\s3_22.tif,canon
.\Epson\s6_2.tif,epson
.\Canon\s2_13.tif,canon
.\Canon\s1_26.tif,canon
.\Canon\s3_1.tif,canon
.\Epson\s8_30.tif,epson
.\Hp\s11_4.tif,hp
.\Hp\s11_44.tif,hp
.\Epson\s7_14.tif,epson
.\Hp\s11_54.tif,hp
.\Hp\s11_16.tif,hp
.\Epson\s8_31.tif,epson
.\Canon\s5_25.tif,canon
.\Epson\s6_29.tif,epson
.\Epson\s10_12.tif,epson
.\Epson\s7_7.tif,epson
.\Canon\s1_10.tif,canon
.\Canon\s5_13.tif,canon
.\Epson\s8_25.tif,epson
.\Epson\s10_26.tif,epson
.\Canon\s3_3.tif,canon
.\Hp\s11_82.tif,hp
.\Epson\s8_38.tif,epson
.\Epson\s8_37.tif,epson
.\Canon\s5_11.tif,canon
.\Epson\s6_34.tif,epson
.\Canon\s5_36.tif,canon
.\Hp\s11_59.tif,hp
.\Canon\s1_24.tif,canon
.\Epson\s10_37.tif,epson
.\Hp\s11_63.tif,hp
.\Canon\s2_20.tif,canon
.\Hp\s11_70.tif,hp
.\Epson\s10_40.tif,epson
.\Epson\s8_18.tif,epson
.\Canon\s2_27.tif,canon
.\Canon\s2_40.tif,canon
.\Canon\s5_23.tif,canon
.\Epson\s7_31.tif,epson
.\Epson\s7_22.tif,epson
.\Hp\s11_10.tif,hp
.\Canon\s4_19.tif,canon
.\Hp\s11_58.tif,hp
.\Canon\s3_26.tif,canon
.\Epson\s7_38.tif,epson
.\Canon\s4_28.tif,canon
.\Canon\s1_27.tif,canon
.\Epson\s6_9.tif,epson
.\Epson\s7_2.tif,epson
.\Epson\s9_37.tif,epson
.\Hp\s11_33.tif,hp
.\Epson\s7_10.tif,epson
.\Canon\s2_31.tif,canon
.\Epson\s9_7.tif,epson
.\Hp\s11_92.tif,hp
.\Epson\s10_28.tif,epson
.\Canon\s4_13.tif,canon
.\Canon\s1_17.tif,canon
.\Epson\s8_16.tif,epson
.\Canon\s5_8.tif,canon
.\Hp\s11_32.tif,hp
.\Canon\s5_32.tif,canon
.\Epson\s8_8.tif,epson
.\Canon\s1_13.tif,canon
.\Epson\s8_29.tif,epson
.\Canon\s1_40.tif,canon
.\Epson\s8_20.tif,epson
.\Canon\s4_27.tif,canon
.\Epson\s9_2.tif,epson
.\Hp\s11_52.tif,hp
.\Canon\s3_31.tif,canon
.\Epson\s7_40.tif,epson
.\Hp\s11_15.tif,hp
.\Canon\s2_26.tif,canon
.\Hp\s11_23.tif,hp
.\Epson\s10_21.tif,epson
.\Epson\s6_10.tif,epson
.\Canon\s5_31.tif,canon
.\Epson\s7_19.tif,epson
.\Epson\s9_23.tif,epson
.\Canon\s3_23.tif,canon
.\Canon\s3_15.tif,canon
.\Epson\s9_22.tif,epson
.\Epson\s9_11.tif,epson
.\Canon\s1_31.tif,canon
.\Canon\s3_34.tif,canon
.\Epson\s6_23.tif,epson
.\Epson\s6_25.tif,epson
.\Epson\s10_20.tif,epson
.\Canon\s2_29.tif,canon
.\Epson\s9_39.tif,epson
.\Epson\s10_35.tif,epson
.\Epson\s9_30.tif,epson
.\Canon\s5_29.tif,canon
.\Epson\s9_6.tif,epson
.\Canon\s2_9.tif,canon
.\Canon\s4_21.tif,canon
.\Epson\s9_36.tif,epson
.\Canon\s2_37.tif,canon
.\Canon\s5_20.tif,canon
.\Hp\s11_28.tif,hp
.\Hp\s11_45.tif,hp
.\Hp\s11_78.tif,hp
.\Hp\s11_13.tif,hp
.\Canon\s5_18.tif,canon
.\Epson\s7_13.tif,epson
.\Epson\s10_33.tif,epson
.\Epson\s7_39.tif,epson
.\Epson\s9_24.tif,epson
.\Epson\s10_34.tif,epson
.\Canon\s4_35.tif,canon
.\Hp\s11_46.tif,hp
.\Hp\s11_29.tif,hp
.\Hp\s11_64.tif,hp
.\Canon\s5_10.tif,canon
.\Epson\s7_29.tif,epson
.\Canon\s3_32.tif,canon
.\Canon\s1_7.tif,canon
.\Canon\s4_37.tif,canon
.\Canon\s4_2.tif,canon
.\Canon\s4_26.tif,canon
.\Canon\s1_25.tif,canon
.\Canon\s4_40.tif,canon
.\Canon\s4_33.tif,canon
.\Canon\s2_5.tif,canon
.\Canon\s1_8.tif,canon
.\Canon\s2_18.tif,canon
.\Epson\s7_35.tif,epson
.\Canon\s2_2.tif,canon
.\Hp\s11_48.tif,hp
.\Epson\s7_20.tif,epson
.\Canon\s3_40.tif,canon
.\Epson\s10_16.tif,epson
.\Epson\s9_25.tif,epson
.\Hp\s11_65.tif,hp
.\Hp\s11_75.tif,hp
.\Epson\s6_14.tif,epson
.\Canon\s2_1.tif,canon
.\Epson\s6_5.tif,epson
.\Epson\s9_16.tif,epson
.\Epson\s8_26.tif,epson
.\Canon\s1_18.tif,canon
.\Hp\s11_62.tif,hp
.\Epson\s10_32.tif,epson
.\Hp\s11_91.tif,hp
.\Epson\s10_22.tif,epson
.\Canon\s5_34.tif,canon
.\Epson\s9_29.tif,epson
.\Hp\s11_53.tif,hp
.\Hp\s11_5.tif,hp
.\Epson\s10_31.tif,epson
.\Canon\s3_39.tif,canon
.\Canon\s3_6.tif,canon
.\Hp\s11_39.tif,hp
.\Canon\s2_25.tif,canon
.\Hp\s11_84.tif,hp
.\Canon\s2_32.tif,canon
.\Canon\s4_20.tif,canon
.\Canon\s4_15.tif,canon
.\Epson\s8_21.tif,epson
.\Epson\s7_1.tif,epson
.\Canon\s3_38.tif,canon
.\Canon\s1_38.tif,canon
.\Hp\s11_7.tif,hp
.\Hp\s11_41.tif,hp
.\Hp\s11_72.tif,hp
.\Epson\s6_4.tif,epson
.\Canon\s4_8.tif,canon
.\Epson\s10_7.tif,epson
.\Epson\s8_14.tif,epson
.\Hp\s11_37.tif,hp
.\Epson\s6_24.tif,epson
.\Epson\s8_2.tif,epson
.\Epson\s10_24.tif,epson
.\Epson\s10_25.tif,epson
.\Canon\s1_20.tif,canon
.\Epson\s6_33.tif,epson
.\Canon\s3_2.tif,canon
.\Hp\s11_47.tif,hp
.\Epson\s7_8.tif,epson
.\Epson\s10_9.tif,epson
.\Canon\s1_6.tif,canon
.\Epson\s7_25.tif,epson
.\Epson\s7_11.tif,epson
.\Canon\s1_30.tif,canon
.\Epson\s6_26.tif,epson
.\Canon\s2_19.tif,canon
.\Canon\s1_1.tif,canon
.\Epson\s9_5.tif,epson
.\Epson\s9_32.tif,epson
.\Epson\s10_39.tif,epson
.\Canon\s5_1.tif,canon
.\Epson\s6_17.tif,epson
.\Hp\s11_60.tif,hp
.\Epson\s8_24.tif,epson
.\Canon\s2_24.tif,canon
.\Epson\s8_9.tif,epson
.\Canon\s4_6.tif,canon
.\Hp\s11_74.tif,hp
.\Canon\s1_36.tif,canon
.\Canon\s3_20.tif,canon
.\Epson\s7_9.tif,epson
.\Canon\s4_3.tif,canon
.\Hp\s11_68.tif,hp
.\Hp\s11_57.tif,hp
.\Epson\s9_35.tif,epson
.\Epson\s10_4.tif,epson
.\Epson\s10_23.tif,epson
.\Canon\s2_15.tif,canon
.\Epson\s8_12.tif,epson
.\Canon\s4_18.tif,canon
.\Hp\s11_43.tif,hp
.\Canon\s3_5.tif,canon
.\Hp\s11_81.tif,hp
.\Epson\s9_9.tif,epson
.\Canon\s1_16.tif,canon
.\Canon\s4_9.tif,canon
.\Epson\s7_17.tif,epson
.\Epson\s9_4.tif,epson
.\Epson\s10_30.tif,epson
.\Canon\s4_14.tif,canon
.\Canon\s3_30.tif,canon
.\Epson\s6_3.tif,epson
.\Hp\s11_71.tif,hp
.\Canon\s5_38.tif,canon
.\Canon\s1_19.tif,canon
.\Hp\s11_9.tif,hp
.\Canon\s4_10.tif,canon
.\Canon\s2_33.tif,canon
.\Hp\s11_56.tif,hp
.\Canon\s2_8.tif,canon
.\Epson\s10_19.tif,epson
.\Hp\s11_35.tif,hp
.\Hp\s11_30.tif,hp
.\Epson\s8_5.tif,epson
